row,method,grid_nodes_per_channel,certified_fibre_upper,allowed_fibre_upper,strict_fibre_slack,interpolation_and_tail_error,fixed_point_input_error,quantization_error,non_fibre_cost_upper,combined_norm_upper,strict_norm_slack,rectangles,empty_rectangles,flow_rectangles,branch_rectangles,integer_flows,binary_nodes,binary_leaves
0,boxes,93,299276368854961831293337221915995099/10633823966279326983230456482242756608,7185879183079051/125705700000000000,18941713298555931969918658978360097441882989949521/652701311209921481423766012412042621747200000000000,1525938157162505483797747/1237940039285380274899124224,21757366547141/302231454903657293676544,2396043524689900867211488219/10633823966279326983230456482242756608,19998086558743986333531436922390068268037887941713589644525311753235774768193678348472413406210250795132987839907110431514518839285353761/39455515390600398228543274026060862059911466821659773827882488321741111621925421850190143172864114210936507596800000000000000000000000000,21108515263868723350817814483177292453628076720550714628191150378607024916217376674157814664326663114074591270307110431514518839285353761/39455515390600398228543274026060862059911466821659773827882488321741111621925421850190143172864114210936507596800000000000000000000000000,676705919268840980002927629393432563807659454633442039098933234545068217008340700411521610875272221398060926185021745266119365982355927249/23318209595844835353069074949401969477407676891600926332278550598148996968557924313462374615162691498663475989708800000000000000000000000000,1,0,1,0,1,0,0
1,boxes,137,1731896150591362818500229004330924805/5316911983139663491615228241121378304,410334297694787779/1257057000000000000,1127725862472746342077623892723991130567917298571/1631753278024803703559415031030106554368000000000000,52936594017448871179819/154742504910672534362390528,61497431507633/604462909807314587353088,2713182859182009964455918341/5316911983139663491615228241121378304,468714193720111282310963089102605116196773400469039956043578206232002994325825252369918694548969776240775295239625104359299036016977561/1972775769530019911427163701303043102995573341082988691394124416087055581096271092509507158643205710546825379840000000000000000000000000,1111313276056511019890450769365465318548734858767632799810112393270465457588490469494815880154203927016283468039625104359299036016977561/1972775769530019911427163701303043102995573341082988691394124416087055581096271092509507158643205710546825379840000000000000000000000000,805775861364811261556394752570616932790338292274734530218730992245911689842648270503318703481985224183688735407763838214269713966261449/1165910479792241767653453747470098473870383844580046316613927529907449848427896215673118730758134574933173799485440000000000000000000000000,1,0,0,1,3,3,2
2,boxes,469,3608383836546509957774457098977829759/5316911983139663491615228241121378304,10663975910767421/15713212500000000,466025982150200110285861315343358951087497789/326350655604960740711883006206021310873600000000000,5220192016165337508569/618970019642690137449562112,500854486134463/1208925819614629174706176,32729822469400312706069586815/5316911983139663491615228241121378304,-84814962022367508068993065623857135727606062620589667170576549487594217251992510501369357730508813304818900413354737440824225869001853/739790913573757466785186387988641163623340002906120759272796656032645842911101659691065184491202141455059517440000000000000000000000000,417252701205564850012621450681358026327298051850012062243644454350295102980943320164947212086488673843702325826645262559175774130998147/739790913573757466785186387988641163623340002906120759272796656032645842911101659691065184491202141455059517440000000000000000000000000,208113849077549615174146717546337908863763540838640251436919878239353334230395247837203288794514141544105504158340162372496193365041/145738809974030220956681718433762309233797980572505789576740941238431231053487026959139841344766821866646724935680000000000000000000000000,101,2,23,26,287,264,145
3,boxes,297,4488289054299739233458034518227190677/5316911983139663491615228241121378304,265617026661172153/314264250000000000,1712459519528200282519284980302642757452618733563/1631753278024803703559415031030106554368000000000000,58641707910420932695943/1237940039285380274899124224,198343926457641/604462909807314587353088,13030375529753990396285846421/5316911983139663491615228241121378304,-10400980005852280809070838076246299238123813206314873126944507998261849381256688033842017670172341249566211040659897567761928436282481/36989545678687873339259319399432058181167000145306037963639832801632292145555082984553259224560107072752975872000000000000000000000000,20823868838671845225167280992855620033988243223658534282006159320240587853349306504902738920525113837360088095340102432238071563717519/36989545678687873339259319399432058181167000145306037963639832801632292145555082984553259224560107072752975872000000000000000000000000,7647351348914140747125640954696729523645083838929491557256335256922924919189841921282331872905737107607759885663574065099901947648757/7286940498701511047834085921688115461689899028625289478837047061921561552674351347956992067238341093332336246784000000000000000000000000,5,0,3,0,3,0,0
4,boxes,413,2366278840112948329134061313443196147/2658455991569831745807614120560689152,223782717364139327/251411400000000000,1716260571758150337478054117064299750096305049/163175327802480370355941503103010655436800000000000,10922226532917284101691/309485009821345068724781056,486569401537909/604462909807314587353088,12744561702844094092912848115/2658455991569831745807614120560689152,-804127810196250951814457110156643634937332404535498321829883385473111722669293342208432909724158300290081257293299623141699982734976931/2465969711912524889283954626628803878744466676353735864242655520108819476370338865636883948304007138183531724800000000000000000000000000,1390819921931649388133950938235027869629656892787530916182798936287102233469535027534920693254215430646000355506700376858300017265023069/2465969711912524889283954626628803878744466676353735864242655520108819476370338865636883948304007138183531724800000000000000000000000000,15328651848741633850994812549304292738576142501377558459772923186326425305443404286250130029313101722812829072827919944689796371366221/1457388099740302209566817184337623092337979805725057895767409412384312310534870269591398413447668218666467249356800000000000000000000000000,5,0,2,1,17,15,8
5,boxes,433,9655108523415388585692340666746187381/10633823966279326983230456482242756608,57078909920194127/62852850000000000,113273947763894834868797835732284468905508761759/652701311209921481423766012412042621747200000000000,30353855775525833286657/1237940039285380274899124224,651643659000335/604462909807314587353088,56304269696086894794784812661/10633823966279326983230456482242756608,-24245399905147593458065176256664331822973159528009305708422942461614531222230918921105648139698279622878315540121254453331538348162561/70456277483214996836684417903680110821270476467249596121218729145966270753438253303910969951543061090958049280000000000000000000000000,39726225675027055604818423310785199610415357411512980280134626470081195076252387905905712138263631306930109419878745546668461651837439/70456277483214996836684417903680110821270476467249596121218729145966270753438253303910969951543061090958049280000000000000000000000000,7226412157682423867054660738826322926403763508175769368834163863835035814857166964706407522497686561705988095454257438939163764073551/41639659992580063130480490981074945495370851592144511307640268925266066015282007702611383241361949104756207124480000000000000000000000000,13,0,7,0,7,0,0
6,boxes,461,4875771812255529534910888144432100519/5316911983139663491615228241121378304,288227538210596809/314264250000000000,195000032365837966988996455668755456283842289289/1631753278024803703559415031030106554368000000000000,6893751453618672373573/309485009821345068724781056,442657094797705/302231454903657293676544,31973012618937021159202714791/5316911983139663491615228241121378304,-522491340403459909320144804529852134804475578407066143991283491065706625625181483471128589718653055788427318713792513664377672937981869/1479581827147514933570372775977282327246680005812241518545593312065291685822203319382130368982404282910119034880000000000000000000000000,834330700211066477774339265782457119059084475483233086944751585639966283922886800592517896764049941374056720966207486335622327062018131/1479581827147514933570372775977282327246680005812241518545593312065291685822203319382130368982404282910119034880000000000000000000000000,34832561110609882658364502746102594133518285789511676382726482699391348351429218758850306136288072012630556363675320522401568782428193/291477619948060441913363436867524618467595961145011579153481882476862462106974053918279682689533643733293449871360000000000000000000000000,13,0,7,0,7,0,0
7,boxes,597,9849598215960190708579645395729214515/10633823966279326983230456482242756608,582190439819190263/628528500000000000,76884574156688889672094391245509857906263453373/3263506556049607407118830062060213108736000000000000,5965636427341197034187/618970019642690137449562112,766825715460017/302231454903657293676544,106910799770446814351962762291/10633823966279326983230456482242756608,-446660517253573248318866042137774941314794340281785643841222689872884278917436885130039982795289321602313375375613628463960317374365447/1232984855956262444641977313314401939372233338176867932121327760054409738185169432818441974152003569091765862400000000000000000000000000,695393881619642844696477354580468771189117876246510366156831885904321430152750766880192772206458659909374816624386371536039682625634553/1232984855956262444641977313314401939372233338176867932121327760054409738185169432818441974152003569091765862400000000000000000000000000,17167219517843794889883097668343849164235028278448112559327564977907982624619112518261547618248300313994841754029743800547568249979177/728694049870151104783408592168811546168989902862528947883704706192156155267435134795699206723834109333233624678400000000000000000000000000,21,0,10,1,63,53,27
8,boxes,509,4957144544596162062915315175727129979/5316911983139663491615228241121378304,1172037297905586457/1257057000000000000,50269561627578826281377063483739366760735663093/1631753278024803703559415031030106554368000000000000,5795998956647031328307/309485009821345068724781056,1607700422869241/604462909807314587353088,39017827247520874585627387259/5316911983139663491615228241121378304,-1362510954422386781032194246737877364697684947447408459625465582674868601949296326874156068636121964491984477411668773761460791273074593/3698954567868787333925931939943205818116700014530603796363983280163229214555508298455325922456010707275297587200000000000000000000000000,2086154834096490139530023269948455359929071972198286963016398999702257799070114315880166489610219354298049749788331226238539208726925407/3698954567868787333925931939943205818116700014530603796363983280163229214555508298455325922456010707275297587200000000000000000000000000,7482979906069174364471824959893905301907122301180932338789731029028928695934036773130489474034503346236919488374584202591960265231607/242898016623383701594469530722937182056329967620842982627901568730718718422478378265233068907944703111077874892800000000000000000000000000,43,2,18,2,76,58,30
9,boxes,537,2501365937335561123021755507957228237/2658455991569831745807614120560689152,1182784793280771949/1257057000000000000,5312340264794426591259940805347250220264157763/815876639012401851779707515515053277184000000000000,2913769307323081103359/154742504910672534362390528,3667713428740113/1208925819614629174706176,21645727148953800548521272013/2658455991569831745807614120560689152,-929424006466871259905291704734314709460605420425607976545174122158095591688626754124079545656811374931007420460267620675689133089366431/2465969711912524889283954626628803878744466676353735864242655520108819476370338865636883948304007138183531724800000000000000000000000000,1390829802300062045713666925573080375649189291599621833715089675601780738142393288508612030027960315247195408339732379324310866910633569/2465969711912524889283954626628803878744466676353735864242655520108819476370338865636883948304007138183531724800000000000000000000000000,9489354116861004238846295760273235194928444555645296875945988211330163646211168834670096746086302416536604750914462532277655815560721/1457388099740302209566817184337623092337979805725057895767409412384312310534870269591398413447668218666467249356800000000000000000000000000,29,0,13,2,71,58,30
10,boxes,557,10096794274724652979284427393344394605/10633823966279326983230456482242756608,74600327895765859/78566062500000000,83533721218631393095356045624967013355949191587/3263506556049607407118830062060213108736000000000000,21916212331952437271233/1237940039285380274899124224,3548076397178525/1208925819614629174706176,93208554636309812804195112301/10633823966279326983230456482242756608,-1425975746671564232211798821935995889111713049189066903153882675292667989634069669038903921494815655279462799550383199910433064590911849/3698954567868787333925931939943205818116700014530603796363983280163229214555508298455325922456010707275297587200000000000000000000000000,2086174108522224158233178804434901133667134240299134095041428136128229117839536496626545756196814699238520432449616800089566935409088151/3698954567868787333925931939943205818116700014530603796363983280163229214555508298455325922456010707275297587200000000000000000000000000,6217292616201946190591727016621429835818183678885929361876439056912329503877501094225316954273518921995424730621901318437908136544751/242898016623383701594469530722937182056329967620842982627901568730718718422478378265233068907944703111077874892800000000000000000000000000,23,0,11,1,48,37,19
11,boxes,573,2542189440366419844146183909445090061/2658455991569831745807614120560689152,37565142786082427/39283031250000000,2903785179595195790123149883965290853962083843/815876639012401851779707515515053277184000000000000,19564546687456965978931/1237940039285380274899124224,3334798156470577/1208925819614629174706176,24711324149449544148986772237/2658455991569831745807614120560689152,-2901853176225847305004146741731746041616336030444533217033617524825747216854361893870157668811446742118027545138483117599180239336499457/7397909135737574667851863879886411636233400029061207592727966560326458429111016596910651844912021414550595174400000000000000000000000000,4172511246318822239224996401230019004224173838452896892957039431690772896750642517661236971969422566227665434061516882400819760663500543/7397909135737574667851863879886411636233400029061207592727966560326458429111016596910651844912021414550595174400000000000000000000000000,1728996215182964563902755712343803901184534903820369985725408593828581974689566053565455098129022219644141137974936746169049763464343/485796033246767403188939061445874364112659935241685965255803137461437436844956756530466137815889406222155749785600000000000000000000000000,23,0,11,1,54,43,22
12,boxes,593,5109599033267143971748563104986022489/5316911983139663491615228241121378304,241617615767139389/251411400000000000,11755424218524150468017507524968975500289787211/326350655604960740711883006206021310873600000000000,2275886492784670850169/154742504910672534362390528,3153068653095067/1208925819614629174706176,52972569803406036205571392089/5316911983139663491615228241121378304,-104899444475229227430359473117343168324419828577630353158131031736951202181775563192997694129567231533179573583716045663177004667548483/264211040562056238137566567138800415579764286752185985454570234297373515325393449889666137318286479091092684800000000000000000000000000,149009682046966745222406861167847517220615612468025144536346974522062030984904329230924434344859512391068183216283954336822995332451517/264211040562056238137566567138800415579764286752185985454570234297373515325393449889666137318286479091092684800000000000000000000000000,1874869370891549079276896700138223391074335939480420000144028756056553323870165701614285608055795156318725446802090045869919507051151/52049574990725078913100613726343681869213564490180639134550336156582582519102509628264229051702436380945258905600000000000000000000000000,23,0,12,0,12,0,0
13,boxes,613,10268498239424077698367664186370322131/10633823966279326983230456482242756608,303488021878429981/314264250000000000,211233096313724794301813977405804792292522024477/3263506556049607407118830062060213108736000000000000,4544996071399796524869/309485009821345068724781056,878427545611975/302231454903657293676544,113187112214940954169507606227/10633823966279326983230456482242756608,-5943389473404573454407787021737866715068922563400234796195024845330337656426030625857405905950154492477720229921393488681986274286037/14795818271475149335703727759772823272466800058122415185455933120652916858222033193821303689824042829101190348800000000000000000000000,8344117481127072140116969085477821274532804700577352991931454130983238136125847695928473645492727201263866611678606511318013725713963/14795818271475149335703727759772823272466800058122415185455933120652916858222033193821303689824042829101190348800000000000000000000000,20962360541538715443232086641195489418785949569528737165713859336619999423254806326605724941556286448480374042224284083477337149921/323864022164511602125959374297249576075106623494457310170535424974291624563304504353644091877259604148103833190400000000000000000000000,25,0,13,0,13,0,0
14,boxes,633,5158286144888467493112425069871347727/5316911983139663491615228241121378304,609777715304188079/628528500000000000,2240397867495803065088753270803636346060608417/1631753278024803703559415031030106554368000000000000,561089077946161697157/38685626227668133590597632,231065213379741/75557863725914323419136,60247024680804881793761916943/5316911983139663491615228241121378304,-187791936528083359754472406135190932544213010441423342253383060799295842675565610855169433933539399205870349278288653299962269416689/462369320983598416740741492492900727264587501816325474545497910020403651819438537306915740307001338409412198400000000000000000000000,260782963679839592997274372473071591484676256740430913044865797091182479463453842931321273317521987204012069921711346700037730583311/462369320983598416740741492492900727264587501816325474545497910020403651819438537306915740307001338409412198400000000000000000000000,41687387481935283482859881856643420129969460289814689103163280345232020711078289577632217527686384645386256220538430855691695911/30362252077922962699308691340367147757041245952605372828487696091339839802809797283154133613493087888884734361600000000000000000000000,23,0,12,0,12,0,0
15,boxes,633,1295179868888482571418422218265572697/1329227995784915872903807060280344576,1224858478206050611/1257057000000000000,307534336297937807206550243867651138954876791/407938319506200925889853757757526638592000000000000,11213945712648010951291/1237940039285380274899124224,934712996689489/302231454903657293676544,15072557504404819270026245465/1329227995784915872903807060280344576,-10119599874879555761603079637838526266064864429345665567751053584843980466196488332368918725574440319003693621042815709963550412846693/24659697119125248892839546266288038787444666763537358642426555201088194763703388656368839483040071381835317248000000000000000000000000,13908439997029959169330640245165481014561960414554160534100856066843017403569156319204307471240345106128793034957184290036449587153307/24659697119125248892839546266288038787444666763537358642426555201088194763703388656368839483040071381835317248000000000000000000000000,10986889829431135751608201708472832539392797812614571333507184414178548635062124498082929662368412973545675631591020458293992395563/14573880997403022095668171843376230923379798057250578957674094123843123105348702695913984134476682186664672493568000000000000000000000000,27,0,14,0,14,0,0
16,boxes,657,5202167444911662643564387643108577969/5316911983139663491615228241121378304,614967140688673229/628528500000000000,7645832803744078641253853587997492853631614367/1631753278024803703559415031030106554368000000000000,2567920480597570597027/309485009821345068724781056,3722311668181923/1208925819614629174706176,64802820832963324871625364145/5316911983139663491615228241121378304,-76643789593957689986909299821884849115209081577522926902550809827403519646493943773998686393463445498141895543213760861436559739709089/184947728393439366696296596997160290905835000726530189818199164008161460727775414922766296122800535363764879360000000000000000000000000,104312572803934130484357492342789196179160684429086695148459701582987663706160260536646837025485649899339617416786239138563440260290911/184947728393439366696296596997160290905835000726530189818199164008161460727775414922766296122800535363764879360000000000000000000000000,18968940146060567441554578533081533554462440913864590643043874780434447938310135131400229010309463091215803492183975889140969187837/4048300277056395026574492178715619700938832793680716377131692812178645307041306304420551148465745051851297914880000000000000000000000000,27,0,12,2,32,20,11
17,boxes,669,10439609470927585619303600991007351741/10633823966279326983230456482242756608,617049666734410493/628528500000000000,2662674383242839401027041770456485118678789203/3263506556049607407118830062060213108736000000000000,2474010863527138732199/309485009821345068724781056,213729159105513/75557863725914323419136,134847853138084402814659797949/10633823966279326983230456482242756608,-2207330958366943655383626210101433652081095735974719134609837841718203303893155259681237747057645832518107269774865652699327752499779/5284220811241124762751331342776008311595285735043719709091404685947470306507868997793322746365729581821853696000000000000000000000000,2980379671641470027270480317938006269689324734261433126772154441309507740378490206713895839144893448614444922225134347300672247500221/5284220811241124762751331342776008311595285735043719709091404685947470306507868997793322746365729581821853696000000000000000000000000,849339097211785583948301534747188250027193306351899095535254072508292437889761237076719363585346889366702743355469767567242456463/1040991499814501578262012274526873637384271289803612782691006723131651650382050192565284581034048727618905178112000000000000000000000000,27,0,11,3,60,49,26
18,boxes,685,2617987352844424772835724208986823409/2658455991569831745807614120560689152,618960931457659343/628528500000000000,357851065134551474821713706760406831934048607/815876639012401851779707515515053277184000000000000,4618589334417339186559/618970019642690137449562112,3236750909290469/1208925819614629174706176,35333951844278655281395309297/2658455991569831745807614120560689152,-155637965941614083279689946443452329449097681788955206284187744712014846089012296728151818512597757054688297854971683002168530502512191/369895456786878733392593193994320581811670001453060379636398328016322921455550829845532592245601070727529758720000000000000000000000000,208626716570894129491268317276540351562425557278942055836316193682719703603769027248591302306708770069396192385028316997831469497487809/369895456786878733392593193994320581811670001453060379636398328016322921455550829845532592245601070727529758720000000000000000000000000,31961206532991270941461994089504395455205045022451370407057947405710347533865898732437741903927004401246826059083587200508994901627/72869404987015110478340859216881154616898990286252894788370470619215615526743513479569920672383410933323362467840000000000000000000000000,31,0,13,3,58,45,24
19,boxes,701,10501427065632992591129083578229309315/10633823966279326983230456482242756608,15517599784592897/15713212500000000,1052550750821919689500259650299757786011080521/652701311209921481423766012412042621747200000000000,2238074432297650305701/309485009821345068724781056,3233715654938973/1208925819614629174706176,148156478150197924685159448451/10633823966279326983230456482242756608,-313327549105298058565771524100176198449850652959274589665668763317545854787659572938777627141605231126619209282730697867967181768319419/739790913573757466785186387988641163623340002906120759272796656032645842911101659691065184491202141455059517440000000000000000000000000,417252564628808113447485205264349746951051387231014406476375580821239958462330928568400685110308194406862569917269302132032818231680581/739790913573757466785186387988641163623340002906120759272796656032645842911101659691065184491202141455059517440000000000000000000000000,78339823384884315671497956059125009818897827792275467801668367367607833623846589167672532116321066325339883740848103178269452975181/48579603324676740318893906144587436411265993524168596525580313746143743684495675653046613781588940622215574978560000000000000000000000000,31,0,12,4,106,94,49
20,boxes,705,5266544776335508936447109695308781955/5316911983139663491615228241121378304,622574944892339777/628528500000000000,1316624806673473131389452367663231811729357421/1631753278024803703559415031030106554368000000000000,8985154528721714125401/1237940039285380274899124224,3238111322314169/1208925819614629174706176,74955907789951003128584427907/5316911983139663491615228241121378304,-315529699692476999336544937078417409630733778477914664290255835630436643782882475605813500656871446959275398011680800457774458016626497/739790913573757466785186387988641163623340002906120759272796656032645842911101659691065184491202141455059517440000000000000000000000000,417253160700418717913589151368028902352935487028188684178191825124316360495284099157324049597548527834238790788319199542225541983373503/739790913573757466785186387988641163623340002906120759272796656032645842911101659691065184491202141455059517440000000000000000000000000,39197787621857708179037147794586952763011146681373048534959132017207669698977916533404536667759335286836018130918167189409758473303/48579603324676740318893906144587436411265993524168596525580313746143743684495675653046613781588940622215574978560000000000000000000000000,37,0,16,3,45,29,16
21,boxes,725,10561134761157474824816613244865271705/10633823966279326983230456482242756608,312117773343091141/314264250000000000,17933216228978529046770958981889546348962523447/3263506556049607407118830062060213108736000000000000,4371175941565487699611/618970019642690137449562112,1659750710083179/604462909807314587353088,158259900995587608331179710361/10633823966279326983230456482242756608,-317484262005005938680375555956002050382706417756175062162641405382092334218093111794241254541153593380118827566611206363021877029894593/739790913573757466785186387988641163623340002906120759272796656032645842911101659691065184491202141455059517440000000000000000000000000,417249692413270929135102405148863090687623292332106945435081588993804908664254190164408078085811378291295546833388793636978122970105407/739790913573757466785186387988641163623340002906120759272796656032645842911101659691065184491202141455059517440000000000000000000000000,800845930979962486426116619048658924791388568146651538321395106807633721989005354046601422221737965679567175682717835309774889234821/145738809974030220956681718433762309233797980572505789576740941238431231053487026959139841344766821866646724935680000000000000000000000000,33,0,15,2,47,32,17
22,boxes,749,10591837926261527071010596089551977867/10633823966279326983230456482242756608,1252096314396651007/1257057000000000000,6784191549355294349750144104989567820053471461/3263506556049607407118830062060213108736000000000000,8429116198138027163787/1237940039285380274899124224,3461775926004499/1208925819614629174706176,168577851879470334961063361931/10633823966279326983230456482242756608,-1598088708453392269567955686835194306627212996458827204357952288673396036634606194031009504578218636701352805998920086182781365310459229/3698954567868787333925931939943205818116700014530603796363983280163229214555508298455325922456010707275297587200000000000000000000000000,2086261098700618795076280825726838094385352928097429327126461054643917724264726597966163811206053629424601446801079913817218634689540771/3698954567868787333925931939943205818116700014530603796363983280163229214555508298455325922456010707275297587200000000000000000000000000,168312522762486720075220726475892002041450530277451926016041064453502527686948819768790449194590012002938550403588845325440684496457/80966005541127900531489843574312394018776655873614327542633856243572906140826126088411022969314901037025958297600000000000000000000000000,35,0,17,1,28,11,6
23,boxes,749,10618340206029051070794367081360218577/10633823966279326983230456482242756608,1255230327363763417/1257057000000000000,9632312297820398192252502838216587838570123391/3263506556049607407118830062060213108736000000000000,8401163700053404714225/1237940039285380274899124224,3438096483559863/1208925819614629174706176,169121127955487251042112199121/10633823966279326983230456482242756608,-35718015600646160543415557068557261371047912865215339202718877242350040092404888611594202370123120476524387437575769383923056995466273/82198990397084162976131820887626795958148889211791195474755184003627315879011295521229464943466904606117724160000000000000000000000000,46361286012407048981506103689761137004634804158413532008569512069054917327872487190192955679636866014844019602424230616076943004533727/82198990397084162976131820887626795958148889211791195474755184003627315879011295521229464943466904606117724160000000000000000000000000,430151347655157891278088998581615169072205126022651055649528452006218262144679530327564330899817032455538255114182015580052961702029/145738809974030220956681718433762309233797980572505789576740941238431231053487026959139841344766821866646724935680000000000000000000000000,37,0,16,3,37,21,12
24,boxes,757,665356274628290176777292342037867837/664613997892457936451903530140172288,157308487317901127/157132125000000000,1127625661064552221675671536934325163807283923/203969159753100462944926878878763319296000000000000,8408645185511792503211/1237940039285380274899124224,3469034275507101/1208925819614629174706176,10760262267996648303544266045/664613997892457936451903530140172288,-7185944093098520447300463626118111156912546701585786441000782519074175253078810564665693444585037567107453356961543899732568368655627/16439798079416832595226364177525359191629777842358239094951036800725463175802259104245892988693380921223544832000000000000000000000000,9272214838925730783853684124145342093181441906094346014431940857088221613303230605018111898773071530620169811038456100267431631344373/16439798079416832595226364177525359191629777842358239094951036800725463175802259104245892988693380921223544832000000000000000000000000,161140853749920647738034079323973666619496093367496862047745759858007729385030851375200340756828480619383699472347089843717626426671/29147761994806044191336343686752461846759596114501157915348188247686246210697405391827968268953364373329344987136000000000000000000000000,35,0,16,2,44,28,15
25,boxes,757,667333002229023382965305427961957623/664613997892457936451903530140172288,157777059510707393/157132125000000000,2714012209595448296245810642075502707872608057/203969159753100462944926878878763319296000000000000,8509363184516712891331/1237940039285380274899124224,3465095256035751/1208925819614629174706176,10774031489536132753429744887/664613997892457936451903530140172288,-813933901123751402874426431509201154539751266304228699535921908565111264853485298097541487995362017620319149678554043025386651249448711/1849477283934393666962965969971602909058350007265301898181991640081614607277754149227662961228005353637648793600000000000000000000000000,1043109784919751326967874525227101907188733225375947995226601649565864270392701644252334323978224011062590955921445956974613348750551289/1849477283934393666962965969971602909058350007265301898181991640081614607277754149227662961228005353637648793600000000000000000000000000,4847999172371092582718357623618094786004545921282195982961102740675334087937251646233137107527974046837416858334136801170296141396067/364347024935075552391704296084405773084494951431264473941852353096078077633717567397849603361917054666616812339200000000000000000000000000,39,0,18,2,24,6,4
26,boxes,765,10703842912389112067831367438785600191/10633823966279326983230456482242756608,632667707272952513/628528500000000000,3270669216833033819475564705998954499339941873/3263506556049607407118830062060213108736000000000000,517960492338213667503/77371252455336267181195264,3466476933044473/1208925819614629174706176,176312197540615101875615718079/10633823966279326983230456482242756608,-194886361704235954198891913981017477747014623341317492577186650310493502343743883532510329069429218997720894137561346623995996636641433/440351734270093730229277611898000692632940477920309975757617057162289192208989083149443562197144131818487808000000000000000000000000000,248364890598973783424695976861708226279070207981704213715742649808028031966560413224713485378465791101872321862438653376004003363358567/440351734270093730229277611898000692632940477920309975757617057162289192208989083149443562197144131818487808000000000000000000000000000,260819123195785471820408560933848331257043514979162298584011466816394512910905162969399053616139777211874572461326781634012255086903/260247874953625394565503068631718409346067822450903195672751680782912912595512548141321145258512181904726294528000000000000000000000000000,41,0,18,3,43,25,14
27,boxes,773,1341545811362383976872806031177068237/1329227995784915872903807060280344576,1268708847701732881/1257057000000000000,919402197303045896859878125478823198666745411/407938319506200925889853757757526638592000000000000,8510124876106588899495/1237940039285380274899124224,3450445378739017/1208925819614629174706176,22491925352726980956826676941/1329227995784915872903807060280344576,-109798129203671064481155483232712591476733613186600988434057346670915977762113825580833058495057448182151487922380579900762598165002043/246596971191252488928395462662880387874446667635373586424265552010881947637033886563688394830400713818353172480000000000000000000000000,139084030098822177207744412108811937119246629226022359785350609311338734037579416571718084670093689706852277837619420099237401834997957/246596971191252488928395462662880387874446667635373586424265552010881947637033886563688394830400713818353172480000000000000000000000000,328462941446272324652374637222686911822105414000269107184323885182824370629273857049944301692644601206091320197785670695515516207413/145738809974030220956681718433762309233797980572505789576740941238431231053487026959139841344766821866646724935680000000000000000000000000,37,0,17,2,37,20,11
28,boxes,757,10759369553049806683493188042873926989/10633823966279326983230456482242756608,1271905374221562193/1257057000000000000,18808346824534396224300682456500457668238387139/3263506556049607407118830062060213108736000000000000,8728901130693196490461/1237940039285380274899124224,3357724597516425/1208925819614629174706176,172527105745485667885782431053/10633823966279326983230456482242756608,-828188940479902582946123191682495755389583788614277672315569043005031702751378799157608930942888445318482548096010014597559305314762859/1849477283934393666962965969971602909058350007265301898181991640081614607277754149227662961228005353637648793600000000000000000000000000,1043123735084681751381360272690187291428839904831569577190245708021526942247342793725046079910336959600231000703989985402440694685237141/1849477283934393666962965969971602909058350007265301898181991640081614607277754149227662961228005353637648793600000000000000000000000000,2099816681077483126026107395797399484988693163830549145081586975128978723630805522017218481277112131748594697160536519183147008283223/364347024935075552391704296084405773084494951431264473941852353096078077633717567397849603361917054666616812339200000000000000000000000000,35,0,17,1,20,3,2
29,boxes,757,10787821569507238845921351579169226165/10633823966279326983230456482242756608,255054326406887651/251411400000000000,5245387885717246309730568156273850996986326623/652701311209921481423766012412042621747200000000000,4401551292681643422215/618970019642690137449562112,411830117794097/151115727451828646838272,172870532042874024519026376117/10633823966279326983230456482242756608,-119020233348860460068671483937671406853564912097609010789408169866158459310478562928262410906204140025575694578763633023283979755782991/264211040562056238137566567138800415579764286752185985454570234297373515325393449889666137318286479091092684800000000000000000000000000,149017075836969654424097501500166589024547948424986710625262002527243244046477733303884225523081406104831729421236366976716020244217009/264211040562056238137566567138800415579764286752185985454570234297373515325393449889666137318286479091092684800000000000000000000000000,139430913439478782073583744427026005468050806017300161294503911785860064636521109511807832780911181633374357058933328981337296416409/17349858330241692971033537908781227289737854830060213044850112052194194173034169876088076350567478793648419635200000000000000000000000000,33,0,17,0,17,0,0
30,boxes,749,10821635274269386600977058792559709407/10633823966279326983230456482242756608,51171372557157187/50282280000000000,2654532962952288896334186665911607497055380601/130540262241984296284753202482408524349440000000000,8925327850834526665401/1237940039285380274899124224,3213317941841075/1208925819614629174706176,168695867280158733935639104735/10633823966279326983230456482242756608,-839045394379409290926208042147506020461529220480896620192038517199640131881490998306859726374805958379913322353850592901596034078821783/1849477283934393666962965969971602909058350007265301898181991640081614607277754149227662961228005353637648793600000000000000000000000000,1043096784976904431066584076216741044660280925668196426624544786787653967324629991432224042583028077149758972046149407098403965921178217/1849477283934393666962965969971602909058350007265301898181991640081614607277754149227662961228005353637648793600000000000000000000000000,7408987913209585136936812664708012891107588348341210588163070048105038498052857207958571961126954874738240291754462414418713527891251/364347024935075552391704296084405773084494951431264473941852353096078077633717567397849603361917054666616812339200000000000000000000000000,37,0,18,1,21,3,2
31,boxes,725,10850790662403435169031135660481110485/10633823966279326983230456482242756608,1282721843607871651/1257057000000000000,42950419558908270950135044303984867211959496123/3263506556049607407118830062060213108736000000000000,1138970708999438754973/154742504910672534362390528,2972868837189593/1208925819614629174706176,158342077822427421508063650261/10633823966279326983230456482242756608,-84410294789840322227468218946223846893705473092755125082079736915209149669414258651922539220043913116038747979116903970161418053473983/184947728393439366696296596997160290905835000726530189818199164008161460727775414922766296122800535363764879360000000000000000000000000,104311005341520495227000268535509303606306612822564969675984627939815891801873580252214405440467940243832023220883096029838581946526017/184947728393439366696296596997160290905835000726530189818199164008161460727775414922766296122800535363764879360000000000000000000000000,479510556800690806347081240936570654242268453004699393376902577862975175920807249371624309581587302816998824348848201799356534374651/36434702493507555239170429608440577308449495143126447394185235309607807763371756739784960336191705466661681233920000000000000000000000000,33,0,15,2,21,6,4
32,boxes,713,10873192260034996657685516616911683425/10633823966279326983230456482242756608,642716257550971409/628528500000000000,205235181381753974501368768593972949286545094639/3263506556049607407118830062060213108736000000000000,9462256847752994239691/1237940039285380274899124224,2832893328913249/1208925819614629174706176,153096438106353556140080103265/10633823966279326983230456482242756608,-188464687268627547497039409944297945592994076237511817868085170601829642840442149814483706197130818121966666356899269052675294939457979/410994951985420814880659104438133979790744446058955977373775920018136579395056477606147324717334523030588620800000000000000000000000000,231781796499801096088816084778806567828574278642361556098536538927933649301692455650623809812235592141298613643100730947324705060542021/410994951985420814880659104438133979790744446058955977373775920018136579395056477606147324717334523030588620800000000000000000000000000,45826062579421645037081341901342861870703857059035548541688615205512990999598470156175124541611440232069477548779351993297927658996767/728694049870151104783408592168811546168989902862528947883704706192156155267435134795699206723834109333233624678400000000000000000000000000,33,0,16,1,19,3,2
33,boxes,713,10905522064965317369210784135596471521/10633823966279326983230456482242756608,644588208495356039/628528500000000000,2985678427367593731757978248925659021344619119/3263506556049607407118830062060213108736000000000000,9263062339149095860067/1237940039285380274899124224,1329347217914325/604462909807314587353088,153159975936081092722370802913/10633823966279326983230456482242756608,-24388554405259420968054294556308810008242414875617853972205535184543817166101390160869949669394389315877919223756168424531816465677183/52842208112411247627513313427760083115952857350437197090914046859474703065078689977933227463657295818218536960000000000000000000000000,29803791486377729542011168607914145884336761638986354671808102091032304475960037416951043628400877432493516296243831575468183534322817/52842208112411247627513313427760083115952857350437197090914046859474703065078689977933227463657295818218536960000000000000000000000000,9523708255351802485493594133083956127955547774908385903489987091349705877233699389975514103093038127453450913398512767843738405051/10409914998145015782620122745268736373842712898036127826910067231316516503820501925652845810340487276189051781120000000000000000000000000,23,0,10,2,30,20,11
34,binary,737,10972610247776860978389725055290360905/10633823966279326983230456482242756608,324282947385740467/314264250000000000,67038775659784491268260709880793252261393884039/3263506556049607407118830062060213108736000000000000,4033617707616699926891/618970019642690137449562112,601616768191397/302231454903657293676544,163289151798193161466769491017/10633823966279326983230456482242756608,-48072441647684406753628732139160299124326210699805390416626705681214347745782762345833328726501758917922887515818103170443876387596627/102748737996355203720164776109533494947686111514738994343443980004534144848764119401536831179333630757647155200000000000000000000000000,57949800121606507721442091916902921576543246002220262199623190901344702938619955164928924731073533656969144484181896829556123612403373/102748737996355203720164776109533494947686111514738994343443980004534144848764119401536831179333630757647155200000000000000000000000000,3742198573353062510170945012466950272049810554993747879825565523809990551900077259063932215453902882334696237090751596992835208819671/182173512467537776195852148042202886542247475715632236970926176548039038816858783698924801680958527333308406169600000000000000000000000000,,,,,73,73,37
